name,listing_url,neighbourhood,latitude,longitude,price,room_type,review_scores_rating
Commercial Drive B&B,https://www.airbnb.com/rooms/18589,"Vancouver, British Columbia, Canada",49.27569,-123.07057,106.0,Private room,4.98
Main Street Vineyard,https://www.airbnb.com/rooms/125176,"Vancouver, British Columbia, Canada",49.24615,-123.09462,105.0,Private room,4.69
Beautiful room (s) Vancouver Home,https://www.airbnb.com/rooms/461386,,49.23034,-123.02971,141.0,Private room,4.42
Sunny room with private bathroom and large patio,https://www.airbnb.com/rooms/874731,"Vancouver, British Columbia, Canada",49.25785,-123.12199,139.0,Private room,4.53
Spacious Room in Character Home,https://www.airbnb.com/rooms/961831,,49.26648,-123.15939,150.0,Private room,5.0
UBC CAMPUS cozy student bdrm apt share with host,https://www.airbnb.com/rooms/1442216,"Vancouver, British Columbia, Canada",49.25826,-123.23352,162.0,Private room,4.86
"Charming ""Kitsilano Family Place""",https://www.airbnb.com/rooms/1995592,"Vancouver, British Columbia, Canada",49.263252,-123.164825,110.0,Private room,4.6
Yvette's place,https://www.airbnb.com/rooms/2632171,"Vancouver, British Columbia, Canada",49.2883,-123.04216,150.0,Private room,4.59
Funky Downtown Room in the West End,https://www.airbnb.com/rooms/2958786,"Vancouver, British Columbia, Canada",49.29314,-123.13535,150.0,Private room,4.78
Crosstown Master Bedroom Downtown Vancouver,https://www.airbnb.com/rooms/3051470,"Vancouver, British Columbia, Canada",49.27959,-123.10851,129.0,Private room,4.49
Beach Home in the Sky - Pvt Bedroom & Washroom,https://www.airbnb.com/rooms/3331694,"Vancouver, British Columbia, Canada",49.28455,-123.14071,195.0,Private room,5.0
Upstairs in beautiful Pt Grey Vancouver,https://www.airbnb.com/rooms/3534949,"Vancouver, British Columbia, Canada",49.25782,-123.20131,136.0,Private room,4.75
Cozy Room by  YVR Canada Line,https://www.airbnb.com/rooms/3853536,"Richmond, British Columbia, Canada",49.19253,-123.11021,107.0,Private room,4.76
Luxury Private room w/ Private Bath,https://www.airbnb.com/rooms/4145030,,49.22826,-123.03193,144.0,Private room,4.46
Private Hotel-Style Room & Bath Downtown Yaletown,https://www.airbnb.com/rooms/4351464,"Vancouver, British Columbia, Canada",49.27334,-123.12764,190.0,Private room,4.97
Modern Comfy Convenient Location,https://www.airbnb.com/rooms/4447077,"Vancouver, British Columbia, Canada",49.27403,-123.09921,125.0,Private room,4.81
Private top floor of lovely craftsman home,https://www.airbnb.com/rooms/4624838,"Vancouver, British Columbia, Canada",49.26041,-123.09035,142.0,Private room,4.74
Crosstown Bedroom Downtown Vancouver,https://www.airbnb.com/rooms/5007196,"Vancouver, British Columbia, Canada",49.27948,-123.10862,120.0,Private room,4.48
Private Master bedroom in a luxury Yaletown condo,https://www.airbnb.com/rooms/5261845,"Vancouver, British Columbia, Canada",49.27763,-123.12007,130.0,Private room,5.0
"Large, Modern & Private Space",https://www.airbnb.com/rooms/5471844,"Vancouver, British Columbia, Canada",49.24731,-123.08777,110.0,Private room,4.92
Cozy room by YVR Canada Line,https://www.airbnb.com/rooms/6574926,"Richmond, British Columbia, Canada",49.19273,-123.11023,112.0,Private room,4.75
Beautiful Bright Room In Kitsilano Heritage Home,https://www.airbnb.com/rooms/6692629,,49.2668,-123.15955,160.0,Private room,5.0
Heritage Home with Surreal Setting,https://www.airbnb.com/rooms/6863617,"Vancouver, British Columbia, Canada",49.27954,-123.0919,146.0,Private room,4.9
Collingwood Cottage near Dunbar,https://www.airbnb.com/rooms/6897283,"Vancouver, British Columbia, Canada",49.2539,-123.17975,185.0,Private room,4.94
"WestEndZen, Shared Garden Suite.",https://www.airbnb.com/rooms/6993905,"Vancouver, British Columbia, Canada",49.28373,-123.13267,180.0,Private room,4.89
5 min to UBC - Private Ensuite in New Home!,https://www.airbnb.com/rooms/7481879,"Vancouver, British Columbia, Canada",49.26103,-123.1857,119.0,Private room,4.52
Private Ensuite in Scenic Kits - 5 min to UBC!,https://www.airbnb.com/rooms/7494656,"Vancouver, British Columbia, Canada",49.26258,-123.18716,117.0,Private room,4.71
Room Close to Downtown/VGH/BCCH II,https://www.airbnb.com/rooms/7518690,,49.25031,-123.1205,171.0,Private room,4.87
DELUXE COZY ROOM NEAR YVR CANADA LINE,https://www.airbnb.com/rooms/7553367,"Richmond, British Columbia, Canada",49.19422,-123.11027,125.0,Private room,4.74
Luxurious Master Bedroom in Kits,https://www.airbnb.com/rooms/7635114,"Vancouver, British Columbia, Canada",49.26108,-123.18723,147.0,Private room,4.67
Luxury Downtown+Free Parking+Gym+Pool+Sauna+HotTub,https://www.airbnb.com/rooms/7701543,"Vancouver, British Columbia, Canada",49.28043,-123.10787,104.0,Private room,4.78
Private room/bathroom -- Family home,https://www.airbnb.com/rooms/7837464,"Vancouver, British Columbia, Canada",49.24248,-123.16879,125.0,Private room,4.84
Spectacular views close to all!,https://www.airbnb.com/rooms/8047959,"Vancouver, British Columbia, Canada",49.27604,-123.0988,193.0,Private room,4.88
"1A - Neocolonial Nouveau Dbl Rm w/ AC,Balc,Fridge",https://www.airbnb.com/rooms/12020603,"Vancouver, British Columbia, Canada",49.24394521133688,-123.08003079146148,110.0,Private room,5.0
"Room in 110-yr old bldg: arty, spacious, central!",https://www.airbnb.com/rooms/12522460,"Vancouver, British Columbia, Canada",49.26274,-123.12739,100.0,Private room,4.94
"Beautiful,bright space,fab location,chic style",https://www.airbnb.com/rooms/12561247,"Vancouver, British Columbia, Canada",49.26727,-123.14131,149.0,Private room,4.94
Guest suite w/ private entrance in a house,https://www.airbnb.com/rooms/12901155,"Richmond, British Columbia, Canada",49.18955,-123.14824,120.0,Private room,4.5
Central Large Modern Private Room With Bathroom,https://www.airbnb.com/rooms/13131513,"Vancouver, British Columbia, Canada",49.27461,-123.06452,102.0,Private room,4.68
A private room in the Heart of Downtown,https://www.airbnb.com/rooms/13360139,"Vancouver, British Columbia, Canada",49.28874,-123.13165,105.0,Private room,4.8
"2 BR 3 BD Great location, close to bus stops",https://www.airbnb.com/rooms/13419885,"Vancouver, British Columbia, Canada",49.2551,-123.18658,196.0,Private room,4.79
Yvette's place 2,https://www.airbnb.com/rooms/14029073,"Vancouver, British Columbia, Canada",49.28953,-123.04178,150.0,Private room,4.57
Amazing view from a private room,https://www.airbnb.com/rooms/14112559,,49.28353,-123.11524,120.0,Private room,4.67
Private Rm + bath  in Stylish Country home by UBC,https://www.airbnb.com/rooms/14616229,"Vancouver, British Columbia, Canada",49.26192,-123.21326,178.0,Private room,4.92
Private room in modern Chinatown apartment,https://www.airbnb.com/rooms/15541440,"Vancouver, British Columbia, Canada",49.28161,-123.10181,130.0,Private room,4.74
Guest suite free Netflix parking 10 minute airport,https://www.airbnb.com/rooms/16289491,,49.19744,-123.10874,121.0,Private room,4.73
Spacious Downtown Vancouver Master Bedroom,https://www.airbnb.com/rooms/17302474,"Vancouver, British Columbia, Canada",49.27937,-123.10681,100.0,Private room,4.72
"New bedroom, private washroom, free WIFI for 2",https://www.airbnb.com/rooms/18508187,"Vancouver, British Columbia, Canada",49.232,-123.05679,110.0,Private room,4.87
Historic Cedar Cottage Garden Suite,https://www.airbnb.com/rooms/18523514,"Vancouver, British Columbia, Canada",49.24952,-123.07457,114.0,Private room,4.7
Ïπ®Ïã§ Îëê Í∞úÍ∞Ä ÏûàÎäî Ï∏µ Ï†ÑÏ≤¥ (ÌÇπÎ≤†Îìú + ÌÄ∏Î≤†Îìú) : Î∂ÄÏóå ÏóÜÏùå,https://www.airbnb.com/rooms/19199606,,49.21794,-123.14169,140.0,Private room,4.81
Private Suite on 'The Drive' close to restaurants.,https://www.airbnb.com/rooms/19415656,"Vancouver, British Columbia, Canada",49.26848,-123.06897,119.0,Private room,4.8
"Tiny High-End & Central Room, close to Beach :)",https://www.airbnb.com/rooms/19744355,"Vancouver, British Columbia, Canada",49.27745,-123.12767,148.0,Private room,4.77
SPA InspiredEnsuite: memorable Family Getaway,https://www.airbnb.com/rooms/20256716,"Vancouver, British Columbia, Canada",49.26316,-123.04757,114.0,Private room,4.95
Close 2 Train/Restaurant - Private bathroomÁç®Á´ãÂªÅÊâÄ,https://www.airbnb.com/rooms/20697602,"Vancouver, British Columbia, Canada",49.21446,-123.11432,121.0,Private room,4.76
15 min away from Downtown‰∫§ÈÄöÊñπ‰æø,https://www.airbnb.com/rooms/20698187,"Vancouver, British Columbia, Canada",49.21424,-123.11441,122.0,Private room,4.67
Close to Downtown / Restaurants Ê©üÂ†¥Êñπ‰æø,https://www.airbnb.com/rooms/20698278,"Vancouver, British Columbia, Canada",49.2127,-123.11602,164.0,Private room,4.84
COZY Private ROOM ‚òÖHistoric House‚òÖ Vancouver Dtown,https://www.airbnb.com/rooms/20747426,"Vancouver, British Columbia, Canada",49.28264,-123.11427,163.0,Private room,4.57
Convenient Location near Commercial Drive,https://www.airbnb.com/rooms/20747473,"Vancouver, British Columbia, Canada",49.26906,-123.06129,119.0,Private room,4.79
Nice Private Room Vancouver Dtown Best location!,https://www.airbnb.com/rooms/20761423,"Vancouver, British Columbia, Canada",49.28344,-123.11495,148.0,Private room,4.65
Bedroom and privat Bathroom (shared Apartment),https://www.airbnb.com/rooms/20773659,"Vancouver, British Columbia, Canada",49.27929,-123.10709,185.0,Private room,4.88
Private Spacious Guest Suite,https://www.airbnb.com/rooms/20887745,"Vancouver, British Columbia, Canada",49.23973,-123.16704,189.0,Private room,4.56
Charming PRIVATE ROOM in VANCOUVER downtown!,https://www.airbnb.com/rooms/21066390,"Vancouver, British Columbia, Canada",49.28264,-123.11427,200.0,Private room,4.64
SW View Downtown across from Granville Island,https://www.airbnb.com/rooms/21150832,,49.27461,-123.13082,160.0,Private room,
Nelson House-Room 1,https://www.airbnb.com/rooms/21569274,,49.287,-123.13204,100.0,Private room,4.74
Tranquility By YVR  Airport Á©∫Ê∏ØÈùôËàç with licence,https://www.airbnb.com/rooms/21583116,"Richmond, British Columbia, Canada",49.19101,-123.09598,167.0,Private room,4.74
Peaceful Room For Two in Vancouver Heritage House,https://www.airbnb.com/rooms/22103390,"Vancouver, British Columbia, Canada",49.25487,-123.07811,110.0,Private room,4.96
"Private room in shared house, close to transit.",https://www.airbnb.com/rooms/22278475,"Vancouver, British Columbia, Canada",49.28133,-123.0634,124.0,Private room,4.88
Contemporary King Bed w/En Suite On The Park,https://www.airbnb.com/rooms/22696589,"Vancouver, British Columbia, Canada",49.27759,-123.08576,100.0,Private room,4.98
Beauty Rm w/ private bath elite area near Downtown,https://www.airbnb.com/rooms/23237255,"Vancouver, British Columbia, Canada",49.24699,-123.1379,164.0,Private room,4.83
Private well appointed room,https://www.airbnb.com/rooms/23238995,"Vancouver, British Columbia, Canada",49.2331,-123.09868,123.0,Private room,4.91
Private masteroom & your own washroom in downtown,https://www.airbnb.com/rooms/23750023,"Vancouver, British Columbia, Canada",49.27374,-123.12025,120.0,Private room,4.85
Dunbar Blue House 3_Polar Bear,https://www.airbnb.com/rooms/24253909,"Vancouver, British Columbia, Canada",49.25533,-123.18469,112.0,Private room,4.82
Brand New Private Studio in central Mount Pleasant,https://www.airbnb.com/rooms/24310129,"Vancouver, British Columbia, Canada",49.24531,-123.09538,100.0,Private room,4.94
Near airport and mall!  Master BR with ensuite,https://www.airbnb.com/rooms/24455362,"Vancouver, British Columbia, Canada",49.21422,-123.11421,168.0,Private room,4.89
Lge Executive Rm Bath/Spa Elite Area Near Downtown,https://www.airbnb.com/rooms/24759144,"Vancouver, British Columbia, Canada",49.24818,-123.13609,188.0,Private room,4.93
Cozy Suite in Vancouver Bungalow,https://www.airbnb.com/rooms/24809164,"Vancouver, British Columbia, Canada",49.27343,-123.03806,128.0,Private room,4.72
Beautiful 3Bedroom MountainView House in Vancouver,https://www.airbnb.com/rooms/24876227,"Vancouver, British Columbia, Canada",49.25468,-123.05223,167.0,Private room,4.71
Living in Style - Room B,https://www.airbnb.com/rooms/25670128,"Vancouver, British Columbia, Canada",49.27834,-123.0267,100.0,Private room,5.0
Waterfront Seawall Granville Island (City Center),https://www.airbnb.com/rooms/25973255,"Vancouver, British Columbia, Canada",49.26724,-123.1364,173.0,Private room,4.93
Private Suite with King Bed in Vancouver.,https://www.airbnb.com/rooms/26191400,"Vancouver, British Columbia, Canada",49.23181,-123.0941,150.0,Private room,4.95
Cozy comfortable double room in upper Kitsilano,https://www.airbnb.com/rooms/27133016,"Vancouver, British Columbia, Canada",49.25875,-123.16869,125.0,Private room,4.73
Charming suite in Commercial Drive Home,https://www.airbnb.com/rooms/27138486,"Vancouver, British Columbia, Canada",49.25937,-123.07393,124.0,Private room,4.8
Cozy Vancouver Home,https://www.airbnb.com/rooms/27261102,"Vancouver, British Columbia, Canada",49.24129,-123.13068,130.0,Private room,4.4
Private Bedroom & Bathroom in Mt Pleasant Home,https://www.airbnb.com/rooms/27265522,"Vancouver, British Columbia, Canada",49.25887,-123.08148,103.0,Private room,4.89
Sunny room,https://www.airbnb.com/rooms/27492885,,49.25023,-123.16585,150.0,Private room,5.0
Basement Suite in East Vancouver,https://www.airbnb.com/rooms/27508424,"Vancouver, British Columbia, Canada",49.23851,-123.0469,100.0,Private room,4.63
"Only for women, Master room in downtown",https://www.airbnb.com/rooms/27561314,,49.27666,-123.12875,150.0,Private room,5.0
Private Rooms in a Beautiful house!,https://www.airbnb.com/rooms/27676949,"Vancouver, British Columbia, Canada",49.25339,-123.12947,120.0,Private room,4.77
Big Room,https://www.airbnb.com/rooms/27903059,"Vancouver, British Columbia, Canada",49.28963,-123.13362,125.0,Private room,4.8
Best location Airport & DT 10 min by skytrain,https://www.airbnb.com/rooms/27981581,,49.22973,-123.11165,125.0,Private room,4.99
Close to downtown and restaurantsÂ∏ÇÂçÄÊñπ‰æø,https://www.airbnb.com/rooms/28225952,"Vancouver, British Columbia, Canada",49.21315,-123.11638,115.0,Private room,4.95
Private Room in the Garden Area,https://www.airbnb.com/rooms/28282137,"Vancouver, British Columbia, Canada",49.25301,-123.12818,150.0,Private room,4.49
Lux room 2 with private bath,https://www.airbnb.com/rooms/28446375,"Vancouver, British Columbia, Canada",49.22404,-123.14385,100.0,Private room,4.5
Private Room in Shaughnessy Vancouver,https://www.airbnb.com/rooms/28617532,"Vancouver, British Columbia, Canada",49.25319,-123.12769,150.0,Private room,4.38
Private Bedroom In A Beautiful House,https://www.airbnb.com/rooms/28618009,"Vancouver, British Columbia, Canada",49.25513,-123.12939,150.0,Private room,4.08
downtown city centre female only 2min subway stn,https://www.airbnb.com/rooms/28785104,,49.27947,-123.11866,170.0,Private room,
Vancouver Shaughnessy Guest Home(29sq.m.Ôºâ,https://www.airbnb.com/rooms/29038663,"Vancouver, British Columbia, Canada",49.23574,-123.14402,159.0,Private room,4.8
Cozy Corner Suite,https://www.airbnb.com/rooms/29481528,,49.27766,-123.13083,125.0,Private room,
Yaletown bedroom with a view-Women Only,https://www.airbnb.com/rooms/29835925,"Vancouver, British Columbia, Canada",49.27389,-123.11694,120.0,Private room,
Vancouver DT Cozy Clean Bedroom,https://www.airbnb.com/rooms/29970776,,49.28798,-123.12452,100.0,Private room,
Kitslano3br main suite Downtown+UBC+BEACH+BROADWAY,https://www.airbnb.com/rooms/30994676,"Vancouver, British Columbia, Canada",49.25979,-123.16979,150.0,Private room,4.6
Private  Netflix A/C 10 mins airport 20mins Dt,https://www.airbnb.com/rooms/31106083,,49.19898,-123.10923,110.0,Private room,4.66
"Tasteful, spacious and bright oasis",https://www.airbnb.com/rooms/31238073,"Vancouver, British Columbia, Canada",49.23892,-123.17921,160.0,Private room,4.85
Wonderful house & peaceful room near university,https://www.airbnb.com/rooms/31294810,"Vancouver, British Columbia, Canada",49.23848,-123.17721,151.0,Private room,4.96
Balcony Room in Vancouver Traveller Bed &Breakfast,https://www.airbnb.com/rooms/31297332,"Vancouver, British Columbia, Canada",49.25289,-123.15412,200.0,Private room,4.83
Cozy 1BD+ bath in Heart of Kitsilano,https://www.airbnb.com/rooms/31570080,"Vancouver, British Columbia, Canada",49.2677,-123.1865,125.0,Private room,4.8
Vancouver downtown- Cozy Solarium private room,https://www.airbnb.com/rooms/32089571,"Vancouver, British Columbia, Canada",49.28032,-123.10733,132.0,Private room,4.92
Small and simple room,https://www.airbnb.com/rooms/32127471,"Vancouver, British Columbia, Canada",49.25794,-123.18397,100.0,Private room,4.71
Vancouver Shaughnessy Felix Home(27sq.m.),https://www.airbnb.com/rooms/32640895,"Vancouver, British Columbia, Canada",49.23506,-123.14177,134.0,Private room,5.0
Private | Spacious | Basement Suite | Kitsilano,https://www.airbnb.com/rooms/32668529,"Vancouver, British Columbia, Canada",49.25685,-123.15653,116.0,Private room,4.79
"KingPlush Bed, Silk rug Private Bath & huge closet",https://www.airbnb.com/rooms/33566412,"Vancouver, British Columbia, Canada",49.23751,-123.1815,184.0,Private room,4.98
Private Room in a Beautiful Character House,https://www.airbnb.com/rooms/33807345,"Vancouver, British Columbia, Canada",49.25861,-123.08109,105.0,Private room,4.86
Crystal room email: xiaoan0609@gmail.com,https://www.airbnb.com/rooms/33885157,"Vancouver, British Columbia, Canada",49.2519,-123.183,119.0,Private room,4.92
UBCÈôÑËøëÂ∏¶‰∏≠Â§ÆÁ©∫Ë∞É„ÄÅÂÖçË¥πÂÅúËΩ¶1king+1Den+Áã¨Á´ãÂç´ÁîüÈó¥Ë±™Âçé1-5‰∫∫Áã¨Á´ãÂçïÂÖÉ,https://www.airbnb.com/rooms/34180840,,49.23762,-123.19521,199.0,Private room,4.0
Lovely room with lock close to skytrain,https://www.airbnb.com/rooms/34209832,"Vancouver, British Columbia, Canada",49.25787,-123.04549,179.0,Private room,4.76
Private bedroom in high end luxury penthouse!,https://www.airbnb.com/rooms/34480865,,49.27339,-123.10189,129.0,Private room,4.8
Ê∏©Ë•øUBCÈôÑËøë‰∏≠Â§ÆÁ©∫Ë∞ÉÂÖçË¥πÂÅúËΩ¶10ÂàÜÈíüÁõ¥ËææUBC15ÂàÜÈíüËææÊú∫Âú∫ÂàóÊ≤ªÊñáÂú£‰πîÊ≤ªÊóÅÁã¨Âç´1ÂçßË±™Âçé1Ëá≥3‰∫∫Â•óÊàø,https://www.airbnb.com/rooms/34516436,"Vancouver, British Columbia, Canada",49.23859,-123.19518,179.0,Private room,4.84
1 br private entrance by Skytrain station,https://www.airbnb.com/rooms/34847091,"Vancouver, British Columbia, Canada",49.24616,-123.04223,140.0,Private room,4.94
Large Bedroom + Private Bathroom in Fairview,https://www.airbnb.com/rooms/34936006,"Vancouver, British Columbia, Canada",49.26361,-123.12692,125.0,Private room,5.0
2-rooms for 2~4 person email: xiaoan0609@gmail.com,https://www.airbnb.com/rooms/34941557,"Vancouver, British Columbia, Canada",49.25359,-123.18147,140.0,Private room,4.7
"Spacious, private bed and bath in a stunning area!",https://www.airbnb.com/rooms/35198788,"Vancouver, British Columbia, Canada",49.28492,-123.02658,126.0,Private room,4.85
"Beautiful Ensuite Rm,3 min walk to Skytrain/mall",https://www.airbnb.com/rooms/35865746,"Vancouver, British Columbia, Canada",49.23404,-123.11416,110.0,Private room,5.0
Beautiful apartment,https://www.airbnb.com/rooms/35941324,,49.27622,-123.11441,200.0,Private room,3.33
Private Master Bedroom/Washroom Downtown-King bed,https://www.airbnb.com/rooms/36005894,"Vancouver, British Columbia, Canada",49.28098,-123.10952,155.0,Private room,4.63
Private bedroom and bathroom - Downtown -twin bed,https://www.airbnb.com/rooms/36007371,"Vancouver, British Columbia, Canada",49.27894,-123.10821,145.0,Private room,4.25
large suites near the airport,https://www.airbnb.com/rooms/36159274,,49.19181,-123.10461,101.0,Private room,4.73
Vancouver shaughnessy Hanson home(388sq.ft.),https://www.airbnb.com/rooms/36478274,"Vancouver, British Columbia, Canada",49.23494,-123.14378,140.0,Private room,4.78
"Stay by the park, the best suite in Yaletown!",https://www.airbnb.com/rooms/36621221,"Vancouver, British Columbia, Canada",49.27304,-123.12713,130.0,Private room,4.8
"Elegance in Yaletown, master suite at the park!",https://www.airbnb.com/rooms/36774024,"Vancouver, British Columbia, Canada",49.27334,-123.12827,125.0,Private room,4.75
mini-merlot,https://www.airbnb.com/rooms/36805705,"Vancouver, British Columbia, Canada",49.26317,-123.14125,196.0,Private room,
Private Room w/ Free Parking + Laundry,https://www.airbnb.com/rooms/36944162,"Vancouver, British Columbia, Canada",49.27886,-123.02712,103.0,Private room,4.87
Comfort about 15 min from Downtown via Skytrain(A),https://www.airbnb.com/rooms/37631161,"Vancouver, British Columbia, Canada",49.24825,-123.04955,139.0,Private room,5.0
Comfort about 15 min from Downtown via Skytrain,https://www.airbnb.com/rooms/37657963,"Vancouver, British Columbia, Canada",49.24881,-123.04931,159.0,Private room,5.0
"Plush, new Queen size four poster bed.",https://www.airbnb.com/rooms/37783459,"Vancouver, British Columbia, Canada",49.23859,-123.18176,184.0,Private room,4.95
1 Bedroom with Private Bath in Downtown Vancouver,https://www.airbnb.com/rooms/37881980,"Vancouver, British Columbia, Canada",49.27517,-123.11776,104.0,Private room,4.0
"2018 new house, one bedroom suite private entry",https://www.airbnb.com/rooms/38027930,"Burnaby, British Columbia, Canada",49.21814,-123.00646,150.0,Private room,4.78
"Clean, cosy and conveniently located!",https://www.airbnb.com/rooms/38093761,"Vancouver, British Columbia, Canada",49.22598,-123.10482,125.0,Private room,5.0
Marpole Modern and Comfort Home,https://www.airbnb.com/rooms/38785483,"Vancouver, British Columbia, Canada",49.21055,-123.13338,100.0,Private room,4.82
Newly renovated house. 5 min walk to VGH,https://www.airbnb.com/rooms/38855495,"Vancouver, British Columbia, Canada",49.2552,-123.12238,152.0,Private room,5.0
One bedroom with a kitchen and has own enter .,https://www.airbnb.com/rooms/38978269,,49.2501590034909,-123.03850627235234,121.0,Private room,4.33
Spacious Condo with a KILLER VIEW  3 Month Minimum,https://www.airbnb.com/rooms/39258825,"Vancouver, British Columbia, Canada",49.28866,-123.12936,145.0,Private room,5.0
1 bedroom in shared townhouse,https://www.airbnb.com/rooms/39442065,"Vancouver, British Columbia, Canada",49.258,-123.1234,110.0,Private room,4.73
Beautiful bedroom in the heart of Kits.,https://www.airbnb.com/rooms/39578015,,49.26696,-123.14075,125.0,Private room,5.0
Vancouver private 2 bedrooms suite,https://www.airbnb.com/rooms/39613073,"Vancouver, British Columbia, Canada",49.22158,-123.05063,139.0,Private room,4.72
Near Elizabeth Queen Park 1bed entire basement,https://www.airbnb.com/rooms/40213890,,49.23764,-123.11235,168.0,Private room,4.73
In the Heart of Yaletown,https://www.airbnb.com/rooms/40282563,,49.27749,-123.11692,100.0,Private room,0.0
Clean & Quiet Luxury Room with Private Bathroom,https://www.airbnb.com/rooms/41012688,,49.23536,-123.11265,113.0,Private room,4.79
--,https://www.airbnb.com/rooms/41510288,"Vancouver, British Columbia, Canada",49.24169,-123.1806,128.0,Private room,
-,https://www.airbnb.com/rooms/41511511,"Vancouver, British Columbia, Canada",49.24196,-123.18066,138.0,Private room,
Vancouver downtown-  Modern private room,https://www.airbnb.com/rooms/41725765,"Vancouver, British Columbia, Canada",49.28044,-123.10815,173.0,Private room,4.91
Luxury North Room in West Point Grey,https://www.airbnb.com/rooms/42125600,"Vancouver, British Columbia, Canada",49.26025,-123.20196,200.0,Private room,5.0
Immaculate room with private entrance and bath,https://www.airbnb.com/rooms/42183453,"Vancouver, British Columbia, Canada",49.22769,-123.09166,122.0,Private room,4.83
Luxury South Room in West Point Grey,https://www.airbnb.com/rooms/42257702,"Vancouver, British Columbia, Canada",49.25952,-123.20132,200.0,Private room,0.0
Queen Bed Shared Bathroom near PNE,https://www.airbnb.com/rooms/42301447,,49.27171,-123.03663,169.0,Private room,3.5
Queen Bed w Shared Bathroom near PNE,https://www.airbnb.com/rooms/42301735,,49.27141,-123.03651,169.0,Private room,
Queen Bed w Shared Bathroom near PNE,https://www.airbnb.com/rooms/42301804,,49.27028,-123.03691,169.0,Private room,
Queen Bed w Private Bathroom near PNE,https://www.airbnb.com/rooms/42301937,,49.27173,-123.03487,169.0,Private room,3.0
Cozy Private Room- Vancouver downtown,https://www.airbnb.com/rooms/42338884,"Vancouver, British Columbia, Canada",49.28088,-123.10958,171.0,Private room,4.91
Amazing 2 bedroom place downtown Vancouver,https://www.airbnb.com/rooms/42881319,,49.28107,-123.11649,199.0,Private room,5.0
Master Room in Shared Clean Renovated House,https://www.airbnb.com/rooms/43816971,"Burnaby, British Columbia, Canada",49.27613,-123.01106,101.0,Private room,5.0
19-2-10 Private room Convenient to Downtown,https://www.airbnb.com/rooms/44473992,,49.25275,-123.09117,105.0,Private room,4.44
Vancouver west luxury suite,https://www.airbnb.com/rooms/44905459,"Vancouver, British Columbia, Canada",49.22244,-123.13035,128.0,Private room,4.44
Glamorous Home Near Kitsilano Beach - 25 Min Walk,https://www.airbnb.com/rooms/44983692,,49.25525,-123.1676,129.0,Private room,4.84
M1 Bedroom Ensuite fullbathroom Convenient to DT,https://www.airbnb.com/rooms/45075290,,49.25499,-123.09112,118.0,Private room,3.25
M-2 BedroomEnsuitefullbathroomCentralVancouver,https://www.airbnb.com/rooms/45077156,,49.25272,-123.0912,122.0,Private room,
CLEAN/Private Micro Loft w patio/FREE Wifi/Netflix,https://www.airbnb.com/rooms/45219644,"Vancouver, British Columbia, Canada",49.24573,-123.08301,109.0,Private room,4.97
2BDR 2BA Downtown Vancouver Apartment,https://www.airbnb.com/rooms/45941161,"Vancouver, British Columbia, Canada",49.28004,-123.10714,200.0,Private room,
"WorldMark The Canadian: 2BR, Sleep 4, Full Kitchen",https://www.airbnb.com/rooms/46013112,"Vancouver, British Columbia, Canada",49.27897,-123.12721,140.0,Private room,
19-4-10 PrivateRoom CentralVancouver near downtown,https://www.airbnb.com/rooms/46138806,,49.25505,-123.08983,103.0,Private room,4.29
‚≠êÔ∏èVancouver2 bedrooms suite with private entrance .,https://www.airbnb.com/rooms/46250902,"Vancouver, British Columbia, Canada",49.23026,-123.07289,144.0,Private room,4.11
‚≠êÔ∏è‚≠êÔ∏è‚≠êÔ∏è‚≠êÔ∏è‚≠êÔ∏èVancouver Dumfries Home Suite G,https://www.airbnb.com/rooms/46284310,"Vancouver, British Columbia, Canada",49.22864,-123.0747,100.0,Private room,4.21
"2 bedroom suite in a luxury home, West Point Grey",https://www.airbnb.com/rooms/46358908,,49.24245,-123.17768,117.0,Private room,4.78
"Deluxe Master bedroom with ensuite, West Pt Grey",https://www.airbnb.com/rooms/46359819,"Vancouver, British Columbia, Canada",49.24112,-123.17936,146.0,Private room,4.94
M-1 MarsterRoom Ensuite bathroom convenient to DT,https://www.airbnb.com/rooms/46486486,,49.25283,-123.09012,118.0,Private room,4.25
4 Bed Dorm at Central Hostel,https://www.airbnb.com/rooms/46660948,,49.27836,-123.1222,100.0,Private room,
Stunning Private Bedroom with ensuite Bath,https://www.airbnb.com/rooms/46965021,"Vancouver, British Columbia, Canada",49.24314,-123.17905,129.0,Private room,4.95
Deluxe garden suite with sauna and home theatre,https://www.airbnb.com/rooms/46965223,,49.24296,-123.17897,116.0,Private room,4.45
This room a lot to offer...,https://www.airbnb.com/rooms/47428324,,49.22397,-123.12685,150.0,Private room,
Sweet room with shared bathroom near UBC,https://www.airbnb.com/rooms/48020474,"Vancouver, British Columbia, Canada",49.262608,-123.203552,116.0,Private room,5.0
Private room with shared bathroom near UBC,https://www.airbnb.com/rooms/48093848,"Vancouver, British Columbia, Canada",49.26171,-123.20461,181.0,Private room,4.76
19-9-10 Private room Convenient to downtown,https://www.airbnb.com/rooms/49138797,,49.25275,-123.09184,103.0,Private room,4.67
Modern Room near PNE üé™ w/ Parking & Self Check-in,https://www.airbnb.com/rooms/49629032,"Vancouver, British Columbia, Canada",49.275593,-123.037743,167.0,Private room,4.89
Executive(2B+1B) Suite with access to Gym and Pool,https://www.airbnb.com/rooms/49711046,,49.27692,-123.12756,130.0,Private room,5.0
Spacious Private Suite W/ PARKING near DT & YVR,https://www.airbnb.com/rooms/49888707,"Vancouver, British Columbia, Canada",49.21851,-123.07433,170.0,Private room,4.76
Cheerful room close to everything.,https://www.airbnb.com/rooms/50009867,"Vancouver, British Columbia, Canada",49.278,-123.07801,100.0,Private room,5.0
Downtown New Cardero luxury coal harbor,https://www.airbnb.com/rooms/50011145,"Vancouver, British Columbia, Canada",49.29169,-123.13048,105.0,Private room,
Cozy well equipped private room,https://www.airbnb.com/rooms/50089222,"Vancouver, British Columbia, Canada",49.26386,-123.03491,166.0,Private room,4.77
Sunny room close to everything.,https://www.airbnb.com/rooms/50168383,"Vancouver, British Columbia, Canada",49.27899,-123.08008,100.0,Private room,5.0
Clean & Cozy Private Room in Heart of Downtown,https://www.airbnb.com/rooms/50379446,"Vancouver, British Columbia, Canada",49.27923,-123.10751,115.0,Private room,4.85
Clean & Quiet Luxury Room with Private Bathroom,https://www.airbnb.com/rooms/50618427,,49.23521,-123.11107,113.0,Private room,4.72
Commercial Drive modern character 1bed+bath,https://www.airbnb.com/rooms/51195391,"Vancouver, British Columbia, Canada",49.26571,-123.05677,139.0,Private room,4.87
Cozy room with shared bathroom near UBC,https://www.airbnb.com/rooms/51271006,"Vancouver, British Columbia, Canada",49.26323,-123.2045,129.0,Private room,4.93
Lovely room in the heart of downtown.,https://www.airbnb.com/rooms/51485574,,49.27846,-123.13406,143.0,Private room,4.98
Master bedroom with bath - 3 mins walk to Skytrain,https://www.airbnb.com/rooms/51488179,"Vancouver, British Columbia, Canada",49.25144,-123.05394,125.0,Private room,4.62
"Brand-new modern suite, 5* location",https://www.airbnb.com/rooms/51751196,"Vancouver, British Columbia, Canada",49.269785,-123.0641753,147.0,Private room,5.0
19-5-9 Private room Convenient to Downtown,https://www.airbnb.com/rooms/51790549,,49.25322,-123.09193,130.0,Private room,4.0
one bedroom in central Vancouver. (lady only),https://www.airbnb.com/rooms/52028010,,49.23614,-123.0482,104.0,Private room,4.71
Stunning and cosy new suite with private room&bath,https://www.airbnb.com/rooms/52151125,"Vancouver, British Columbia, Canada",49.24245,-123.14458,189.0,Private room,4.6
Brand new suite with stunning private room&bath,https://www.airbnb.com/rooms/52171924,"Vancouver, British Columbia, Canada",49.24234,-123.14294,189.0,Private room,4.63
Spacious Brand new suite with private bed and bath,https://www.airbnb.com/rooms/52172651,"Vancouver, British Columbia, Canada",49.24278,-123.1436,189.0,Private room,4.8
Room for rent in Kitsilano with private patio,https://www.airbnb.com/rooms/52266281,,49.27048,-123.15568,107.0,Private room,5.0
Near Skytrain and park Vancouver,https://www.airbnb.com/rooms/52270665,"Vancouver, British Columbia, Canada",49.23571,-123.11289,175.0,Private room,5.0
Introvert‚Äôs Retreat - OG Airbnb Private Room,https://www.airbnb.com/rooms/52474696,,49.23443,-123.10095,137.0,Private room,4.95
Welcoming 1-bedroom and free parking at UBC campus,https://www.airbnb.com/rooms/52602633,,49.26367,-123.23587,199.0,Private room,4.89
"Room Butterfly, direct sunshine and ensuite bath",https://www.airbnb.com/rooms/52706178,"Vancouver, British Columbia, Canada",49.26004,-123.183,109.0,Private room,5.0
Kits 2nd Ave. *NEWLY Renovated home* 1 Bedroom,https://www.airbnb.com/rooms/52805065,"Vancouver, British Columbia, Canada",49.27111,-123.16437,150.0,Private room,5.0
Tiny comfy room with double bed near Brentwood,https://www.airbnb.com/rooms/52907686,"Burnaby, British Columbia, Canada",49.27396,-123.01895,103.0,Private room,4.3
Cozy Hotel-Style Suite in the Heart of Vancouver,https://www.airbnb.com/rooms/53112643,"Vancouver, British Columbia, Canada",49.26244,-123.14222,126.0,Private room,4.79
Private Room in Vancouver,https://www.airbnb.com/rooms/53262299,,49.2628213184724,-123.08710798783572,140.0,Private room,4.93
Lovely private 1-bedroom  close to sky train.,https://www.airbnb.com/rooms/53423327,,49.22478,-123.01061,100.0,Private room,4.37
‚ú®Master Bedroom in the heart of Downtown Vancouver,https://www.airbnb.com/rooms/53601785,,49.28021,-123.1078,150.0,Private room,4.41
**NEW & Mordern**Private 2 bst bedroom suite,https://www.airbnb.com/rooms/53644738,,49.23582,-123.04613,128.0,Private room,4.68
Spacious bedroom in a Kits/South Granville suite,https://www.airbnb.com/rooms/53740950,,49.26236,-123.14082,120.0,Private room,5.0
Adorable New 1 Bedroom Studio Suite + free parking,https://www.airbnb.com/rooms/53953082,,49.2409,-123.04883,180.0,Private room,5.0
19-10 Private room convenience to downtown,https://www.airbnb.com/rooms/54003576,,49.25491,-123.09018,109.0,Private room,3.5
Two Bedroom Suite with  W/D & Swimming Pool Access,https://www.airbnb.com/rooms/54056174,,49.2785,-123.12709,170.0,Private room,
Private Bedroom in Luxury Downtown 2bdr Condo,https://www.airbnb.com/rooms/54194548,"Vancouver, British Columbia, Canada",49.28225,-123.12449,178.0,Private room,4.89
"Bright gem, ocean view ensuite room in Kitslano",https://www.airbnb.com/rooms/54217464,"Vancouver, British Columbia, Canada",49.25936,-123.18241,113.0,Private room,5.0
Centralpark New Home,https://www.airbnb.com/rooms/54366874,"Burnaby, British Columbia, Canada",49.2398,-123.01872,164.0,Private room,4.71
Modern Master Bedroom in Downtown / Coal Harbor,https://www.airbnb.com/rooms/537282821502227729,,49.28621,-123.1235,132.0,Private room,4.63
Modern Bedroom in the heart of Downtown Vancouver,https://www.airbnb.com/rooms/538075693317179216,,49.28623,-123.12309,130.0,Private room,4.93
Beautiful guest room in Kitsilano character home,https://www.airbnb.com/rooms/570291023195322066,,49.26746,-123.1728,150.0,Private room,5.0
Adorable studio guest suite with free parking,https://www.airbnb.com/rooms/570297645185348471,,49.28265,-123.02794,151.0,Private room,4.97
Cosy 2 Bedroom house in Vancouver West,https://www.airbnb.com/rooms/575552289903756274,"Vancouver, British Columbia, Canada",49.23548,-123.18947,188.0,Private room,4.75
Specious and cozy room with private bathroom.,https://www.airbnb.com/rooms/576965247939032754,"Vancouver, British Columbia, Canada",49.26359618335927,-123.0356932540798,157.0,Private room,4.14
Amazing private room,https://www.airbnb.com/rooms/590614129932350165,"Vancouver, British Columbia, Canada",49.27333,-123.12155,100.0,Private room,4.75
Modern private space in the heart of Kitsilano,https://www.airbnb.com/rooms/594307476176384716,"Vancouver, British Columbia, Canada",49.25846,-123.15491,171.0,Private room,4.87
J-1 Private room 5 min walk to skytrain Vancouver,https://www.airbnb.com/rooms/598617700203505544,,49.24109,-123.03173,109.0,Private room,3.5
Vancouver West ‚ÄúOak Garden Suite‚Äù,https://www.airbnb.com/rooms/598801087542742116,"Vancouver, British Columbia, Canada",49.22413,-123.12996,181.0,Private room,4.67
Bright Modern-Industrial Private Room with Ensuite,https://www.airbnb.com/rooms/599252074324243772,"Vancouver, British Columbia, Canada",49.27873,-123.10688,196.0,Private room,5.0
Lovely private room and private bathroom,https://www.airbnb.com/rooms/599650956857897310,,49.23575,-123.0208,106.0,Private room,5.0
Cozy Private Room  East Vancouver,https://www.airbnb.com/rooms/600748206626760906,"Vancouver, British Columbia, Canada",49.27515,-123.05531,120.0,Private room,4.59
Shared home with backyard & patio on Main Street,https://www.airbnb.com/rooms/602154066182833086,,49.23459,-123.10079,118.0,Private room,4.92
19-3 Private room 20 min to downtown by bus,https://www.airbnb.com/rooms/605625281207889830,,49.25449,-123.09163,111.0,Private room,4.8
Queen Elizabeth Home,https://www.airbnb.com/rooms/607366192358594013,,49.23594,-123.1093,100.0,Private room,4.55
J-2 Private room 5min walk to skytrain Vancouver,https://www.airbnb.com/rooms/608141249789932899,,49.23923,-123.03042,130.0,Private room,4.38
*City Scapes by the Ocean*,https://www.airbnb.com/rooms/608276394453924583,"Vancouver, British Columbia, Canada",49.27168949426692,-123.12121886323996,168.0,Private room,5.0
J-2 Private room 5min walk to skytrain Vancouver,https://www.airbnb.com/rooms/608676615503231187,,49.24109,-123.03156,110.0,Private room,4.4
19-6 Private room 20 min to downtown by bus,https://www.airbnb.com/rooms/608753736717812543,,49.25338,-123.09194,113.0,Private room,4.2
Queen Elizabeth Home,https://www.airbnb.com/rooms/611129104198757529,,49.23588,-123.10718,140.0,Private room,4.83
Ê∫´Âì•ËèØË•øÂå∫Ë±™ËèØÂ•óÊàø‰∏ÄÂ§ßÂèå‰∫∫Â∫äÁã¨Á´ãÂç´ÁîüÈñì,https://www.airbnb.com/rooms/612389983528813811,"Vancouver, British Columbia, Canada",49.23531022953336,-123.10874204058835,171.0,Private room,4.67
Queen Elizabeth Home,https://www.airbnb.com/rooms/612408291037743174,,49.23679,-123.10756,100.0,Private room,4.6
*Pacific Coast Private Room*,https://www.airbnb.com/rooms/613278930388587968,"Vancouver, British Columbia, Canada",49.27337562474194,-123.12169564273788,185.0,Private room,4.86
Queen Elizabeth Home,https://www.airbnb.com/rooms/613923671093496300,,49.2353,-123.10943,130.0,Private room,4.86
Ê∏©Âì•ÂçéË•øÂå∫Â•≥ÁöáÂÖ¨Âõ≠ÊóÅÂÆΩÊïûËàíÈÄÇ2‰∏™ÂçïÈó¥,https://www.airbnb.com/rooms/613958578491089234,"Vancouver, British Columbia, Canada",49.2368,-123.10898,193.0,Private room,4.6
"Seconds from beach, in the city!",https://www.airbnb.com/rooms/616116341941764315,"Vancouver, British Columbia, Canada",49.28776,-123.13944,130.0,Private room,4.88
"1 Bedroom, 1 Bath, 1 Sofa Bed w/ Private Entrance",https://www.airbnb.com/rooms/618309038300435402,,49.23386,-123.18912,136.0,Private room,4.89
Private Bedroom in shared house - Mount Pleasant,https://www.airbnb.com/rooms/619479926602057384,"Vancouver, British Columbia, Canada",49.25219,-123.09445,151.0,Private room,5.0
Sweet Work-Study-Bedroom in Lux 4 bed 3 bath House,https://www.airbnb.com/rooms/621658152632310947,,49.24922876378345,-123.0370724603142,108.0,Private room,
Queen Bedroom+ Den nears UBC,https://www.airbnb.com/rooms/622007072841584603,,49.24433,-123.19551,141.0,Private room,4.7
Comfy room with shared bathroom near UBC,https://www.airbnb.com/rooms/623829111127651992,"Vancouver, British Columbia, Canada",49.26263,-123.203506,116.0,Private room,4.89
"Private room Dt,  in a shared accommodation unit.",https://www.airbnb.com/rooms/624185459304160036,,49.28384,-123.09522,136.0,Private room,4.15
Large bedroom in Japantown,https://www.airbnb.com/rooms/624185502046235049,,49.2821,-123.09687,140.0,Private room,3.62
Private Luxurious Room Private Bath (Ladies Only),https://www.airbnb.com/rooms/624652822501750219,"Vancouver, British Columbia, Canada",49.253864,-123.166832,150.0,Private room,4.94
Garden view suite nears UBC,https://www.airbnb.com/rooms/624686706442345887,,49.24349,-123.19542,141.0,Private room,4.78
Cozy and Clean 3 Bedroom Garden Suite in Dunbar,https://www.airbnb.com/rooms/625353967845868184,"Vancouver, British Columbia, Canada",49.24372,-123.18279,200.0,Private room,4.8
Modern Master Bedroom in Downton Coal Harbor,https://www.airbnb.com/rooms/629184820595960637,,49.28652,-123.12268,160.0,Private room,5.0
Private Room with Sink + Free Laundry,https://www.airbnb.com/rooms/629646595967645548,,49.2767,-123.02491,106.0,Private room,4.92
Marpole Garden Suite,https://www.airbnb.com/rooms/635200856013374693,,49.21524785383963,-123.13713803887366,100.0,Private room,4.92
‚ú®Private Bedroom in Downtown Vancouver,https://www.airbnb.com/rooms/636202390148731108,,49.27876,-123.10951,111.0,Private room,4.37
Private convenient rooms for rental near downtown,https://www.airbnb.com/rooms/637671951312040103,"Vancouver, British Columbia, Canada",49.28228759765625,-123.0898895263672,103.0,Private room,4.68
Cozy Room in the heart of Downtown Vancouer,https://www.airbnb.com/rooms/638032719591718955,,49.27927,-123.121,159.0,Private room,4.71
J Master room with ensuite full bathroom skytrain,https://www.airbnb.com/rooms/638341601065489058,,49.24128,-123.03013,117.0,Private room,
J-M master room with en-suite bathroom skytrain,https://www.airbnb.com/rooms/638582603797960709,,49.23955,-123.03171,114.0,Private room,3.5
Private Room in Vancouver,https://www.airbnb.com/rooms/638683001952068231,,49.218624,-123.076698,110.0,Private room,
J-1-1 Private room 4 min walk to skytrainVancouver,https://www.airbnb.com/rooms/639840232384809044,,49.24125,-123.02981,108.0,Private room,5.0
Clean and Modern one bedroom room with ensuite .,https://www.airbnb.com/rooms/642836717808236469,,49.28308,-123.13228,125.0,Private room,
Ê∏©Ë•øË±™ÂÆÖÈÖçÂ§áÁã¨Á´ãÂç´ÁîüÈó¥ÁöÑÂÆΩÊïûÁã¨Á´ãÂ•óÊàø,https://www.airbnb.com/rooms/644157505216274147,,49.23174810489064,-123.13254044273786,121.0,Private room,5.0
Ê∏©Ë•øË±™ÂÆÖÈÖçÂ§áÊåâÊë©Êµ¥Áº∏ÁöÑÊ¨¢‰πêËàíÈÄÇÂà´Â¢Ö,https://www.airbnb.com/rooms/644161046470476635,"Vancouver, British Columbia, Canada",49.23326650160033,-123.1305838209207,138.0,Private room,4.89
Quiet and lovely home,https://www.airbnb.com/rooms/645959609431738719,"Vancouver, British Columbia, Canada",49.25399,-123.17905,100.0,Private room,4.42
Sweet home,https://www.airbnb.com/rooms/648458125746471298,"Vancouver, British Columbia, Canada",49.25229,-123.1806,110.0,Private room,4.55
1-bedroom shared unit Mt. Pleasant Vancouver,https://www.airbnb.com/rooms/652107134102037633,,49.259543114546176,-123.08280968636598,121.0,Private room,4.87
Master Bedroom with private bathroom in Downtown,https://www.airbnb.com/rooms/654668434867588387,"Vancouver, British Columbia, Canada",49.2738747,-123.1250692,106.0,Private room,
Quiet private room in a great location with view!,https://www.airbnb.com/rooms/655872917192898775,"Vancouver, British Columbia, Canada",49.27948044444684,-123.13650590317584,180.0,Private room,5.0
Modern & Cozy  2 bedroom in Heart of East Van,https://www.airbnb.com/rooms/656093243302306911,"Vancouver, British Columbia, Canada",49.25469249551048,-123.0558320970136,177.0,Private room,5.0
Private Bedroom w/Private Bathroom in Happy Home!,https://www.airbnb.com/rooms/656453242371516416,"Vancouver, British Columbia, Canada",49.22815,-123.03142,141.0,Private room,4.33
Luxury - Large Private room w/ Private bathroom!,https://www.airbnb.com/rooms/656470340717898517,"Vancouver, British Columbia, Canada",49.227844055749095,-123.03208783914704,145.0,Private room,
J-3 Private room 5min walk to skytrain Vancouver,https://www.airbnb.com/rooms/657186148408666721,,49.23938687058085,-123.03143612043124,100.0,Private room,4.33
J-3 Private room 4min walk to Skytrain Vancouver,https://www.airbnb.com/rooms/658620353269052287,,49.2411509738628,-123.0318603579407,103.0,Private room,3.0
19-2 Private room Convenient to downtown,https://www.airbnb.com/rooms/659313690069695360,,49.25300116694412,-123.0912570432936,110.0,Private room,5.0
Luxury A/C Master Bedroom & Private Full Bathroom,https://www.airbnb.com/rooms/659315626983169370,"Burnaby, British Columbia, Canada",49.22430604546089,-123.0057166818691,178.0,Private room,
Guest Bedroom w/ ensuite; charming neighbourhood,https://www.airbnb.com/rooms/659677271055171769,,49.2592504161742,-123.08357931607804,140.0,Private room,5.0
Unit A - Private room close to Airport &DT,https://www.airbnb.com/rooms/660146447257335823,,49.23575399607195,-123.17190756944422,125.0,Private room,4.6
Bright 3-bedroom suite,https://www.airbnb.com/rooms/662443625058615224,,49.213663974584,-123.06497939302464,180.0,Private room,5.0
A cozy private room with mountain view,https://www.airbnb.com/rooms/663371518290328437,"Vancouver, British Columbia, Canada",49.2595535,-123.0884002,115.0,Private room,5.0
Lovely private 1 bdrm condo with River View,https://www.airbnb.com/rooms/663757651495661645,"Burnaby, British Columbia, Canada",49.20694163164176,-123.02251072023368,164.0,Private room,
19-7 Private room 20min to downtown by bus,https://www.airbnb.com/rooms/665801279242301772,,49.25506945501144,-123.09116055594748,102.0,Private room,3.75
"1 room w full bathroom, central, skytrain, view",https://www.airbnb.com/rooms/665957723463276630,,49.2659646,-123.0081502,175.0,Private room,5.0
Private room @ Sheraton Wall Centre,https://www.airbnb.com/rooms/666884609678676416,"Vancouver, British Columbia, Canada",49.27975919291697,-123.12654666602612,175.0,Private room,4.88
Unit C - Cheerful 1 BR close to DT/Airport/UBC,https://www.airbnb.com/rooms/668711050707745998,,49.23541660040981,-123.17350009100572,113.0,Private room,4.6
Spacious & Private 1 bedroom w/ parking Metrotown,https://www.airbnb.com/rooms/669128579181820598,,49.23466193959965,-123.0146795106054,107.0,Private room,5.0
GIANT & Private room w/ parking & park Metrotown,https://www.airbnb.com/rooms/669164016362094849,,49.236253427463865,-123.01456830599514,115.0,Private room,4.5
My Memorable & Cozy Home,https://www.airbnb.com/rooms/669244567997300709,,49.23497528318246,-123.04711170467036,183.0,Private room,4.75
Big & Private 1 Bedroom w/ parking Metrotown,https://www.airbnb.com/rooms/669475527818006088,,49.23645032279929,-123.0131829167164,110.0,Private room,5.0
Private room and bathroom in a 2 bed condo,https://www.airbnb.com/rooms/669486994905829277,,49.25569601033651,-123.11640783907986,123.0,Private room,
Luxurious master bedroom,https://www.airbnb.com/rooms/671560759571112111,"Vancouver, British Columbia, Canada",49.2233513,-123.0348947,128.0,Private room,5.0
AMA‚Äôs home,https://www.airbnb.com/rooms/672148569015002696,"Vancouver, British Columbia, Canada",49.24055944029646,-123.16493191614944,153.0,Private room,4.64
COMFY & COZY PRIVATE BR BY TRANSIT & FREE PARKING,https://www.airbnb.com/rooms/672426851561878094,"Vancouver, British Columbia, Canada",49.24562793493087,-123.03349938994126,135.0,Private room,5.0
1 Private room Convenience to downtown,https://www.airbnb.com/rooms/673109261326357665,,49.25485,-123.09029,117.0,Private room,
"Private Room, Private Bath & Prime Location",https://www.airbnb.com/rooms/673455766485201850,,49.29174687681299,-123.1310682719018,175.0,Private room,
New 8 min to Sky-train Private Bedroom & Bathroom,https://www.airbnb.com/rooms/673499609919730993,,49.25036,-123.05209,158.0,Private room,
Lovely bedroom in the Heart of Downtown Vancouver,https://www.airbnb.com/rooms/674211073922345531,,49.28163242875141,-123.11182238335796,177.0,Private room,
2 Private room Convenience to downtown,https://www.airbnb.com/rooms/674583744533525435,,49.25330290667928,-123.09014669039466,106.0,Private room,3.0
"Quiet Master Bdrm/24hr Pool, gym, hottub, sauna",https://www.airbnb.com/rooms/676032918518674877,,49.27793,-123.12089,144.0,Private room,
one bedroom suite with a patio,https://www.airbnb.com/rooms/679042188518315058,"Vancouver, British Columbia, Canada",49.27842079133943,-123.04203495327036,200.0,Private room,5.0
üåªBright room üèñ 7 min from Beaches&Park-FreePRKG,https://www.airbnb.com/rooms/679616353359735557,"Vancouver, British Columbia, Canada",49.27993964632964,-123.12979425451046,174.0,Private room,5.0
Super value room  with pool access,https://www.airbnb.com/rooms/681764885431307439,,49.2610420009525,-123.16210791935003,111.0,Private room,4.9
Comfortable clean private room with pool access,https://www.airbnb.com/rooms/681792308848090569,,49.25885,-123.1616,126.0,Private room,4.7
Spacious private bedroom in a shared house!,https://www.airbnb.com/rooms/683703486433181605,"Vancouver, British Columbia, Canada",49.24109929999999,-123.0760564,101.0,Private room,4.91
Private bedroom with balcony in Vancouver,https://www.airbnb.com/rooms/686244823935301389,,49.2234524349198,-123.09456104064988,149.0,Private room,
Just listed-Adorable Private Studio Suite in E Van,https://www.airbnb.com/rooms/686300114488054568,"Vancouver, British Columbia, Canada",49.23051824186359,-123.05664393197434,100.0,Private room,5.0
"King bed, priv. bathroom. Skytrain, and a view!",https://www.airbnb.com/rooms/688016975256527997,"Vancouver, British Columbia, Canada",49.24639361994822,-123.11882394753609,189.0,Private room,5.0
"Queen bed - private bathroom, great view!",https://www.airbnb.com/rooms/688456281127863749,"Vancouver, British Columbia, Canada",49.2471030329904,-123.1165661193937,166.0,Private room,5.0
Comfy bedroom in great house 5 min to skytrain,https://www.airbnb.com/rooms/688472373921047356,"Vancouver, British Columbia, Canada",49.24573348449617,-123.12015953615148,112.0,Private room,5.0
Comfy room: 3 Bee Sisters Apiary Central Vancouver,https://www.airbnb.com/rooms/690044156631079111,"Vancouver, British Columbia, Canada",49.25688640583008,-123.1250534818293,125.0,Private room,
Cozy 2 bedroom Private Suite at lower level.,https://www.airbnb.com/rooms/693091304107334486,"Burnaby, British Columbia, Canada",49.274681405841015,-123.00683074788516,169.0,Private room,5.0
3 Private room convenience to downtown,https://www.airbnb.com/rooms/694214188219256838,,49.25312,-123.09048,106.0,Private room,
R-2 Private room near skytrain easy to downtown,https://www.airbnb.com/rooms/694831976217920646,,49.258428479120944,-123.07893259560748,100.0,Private room,5.0
M- private room convenience to downtown Vancouver,https://www.airbnb.com/rooms/694875479872586956,,49.25481373037725,-123.0901156208044,115.0,Private room,
R-3 Private room near skytrain easy to downtown,https://www.airbnb.com/rooms/695655934661592330,,49.25860993075735,-123.08035547702085,100.0,Private room,
Private bedroom on ground floor of Vancouver house,https://www.airbnb.com/rooms/695867973113204163,,49.21043119809086,-123.06235967520948,179.0,Private room,
Comfortable Single bed with en-suite,https://www.airbnb.com/rooms/696702222183409636,,49.23639945162843,-123.08744261002911,200.0,Private room,5.0
Bamboo beautiful cheerful 1-bedroom home,https://www.airbnb.com/rooms/697932297100838893,"Vancouver, British Columbia, Canada",49.2313049,-123.190061,177.0,Private room,5.0
"2 Neocolonial Nouveau Rms,Priv Bath,Shared Commons",https://www.airbnb.com/rooms/699756043821110979,"Vancouver, British Columbia, Canada",49.24344439999999,-123.0798252,199.0,Private room,
Lily beautiful cheerful 1-bedroom home,https://www.airbnb.com/rooms/700310831546623585,,49.23040529404393,-123.1910612979885,156.0,Private room,
cosy 1 bedroom with a private balcony and bathroom,https://www.airbnb.com/rooms/700651983483480322,"Burnaby, British Columbia, Canada",49.2682092182027,-123.01287662803428,105.0,Private room,5.0
Cozy room in West Point Grey house,https://www.airbnb.com/rooms/700738989511321204,"Vancouver, British Columbia, Canada",49.25975236268075,-123.18793258534996,111.0,Private room,5.0
Close to Metrotown and BCIT Ë±™ÂçéÂà´Â¢ÖÂÜÖÊúâÂçïÈó¥‰∏ÄÁ±≥‰∫îÂ∫äÂ§ñÂä†Ê≤ôÂèëÂ∫äÂèØ‰Ωè‰∏â‰∫∫,https://www.airbnb.com/rooms/700798812431147052,,49.24120656914896,-123.00863549853304,101.0,Private room,4.67
Large 1-bedroom in Vancouver; Close to Transit!,https://www.airbnb.com/rooms/701091476678730784,,49.22920019113711,-123.05687052850124,120.0,Private room,
Beautiful Private Bedroom with Ensuite Bathroom,https://www.airbnb.com/rooms/701357176309257245,,49.24960733368612,-123.09072482707846,149.0,Private room,
Super value room in Point Grey house,https://www.airbnb.com/rooms/702858237748007239,"Vancouver, British Columbia, Canada",49.2600826,-123.1869131,131.0,Private room,
Spacious living room. 2BDR.,https://www.airbnb.com/rooms/703584580602571042,,49.224957417217645,-123.15062903402846,199.0,Private room,
Basement ensuite w/essential modern design element,https://www.airbnb.com/rooms/704486814555924955,,49.212925,-123.138268,139.0,Private room,5.0
1 Bedroom Spacious Apartment,https://www.airbnb.com/rooms/704723780480081587,,49.27724712017413,-123.1295342572979,160.0,Private room,
Private Bedroom at Central Safe Location Near Park,https://www.airbnb.com/rooms/705215402905731006,"Vancouver, British Columbia, Canada",49.291418191608,-123.13644327570756,150.0,Private room,
Cheerful 1-bedroom in Shared House,https://www.airbnb.com/rooms/706107182606504368,"Vancouver, British Columbia, Canada",49.2203821,-123.1015606,116.0,Private room,
Lovely small one bedroom with shared amenities,https://www.airbnb.com/rooms/706435210940684967,,49.28319914352487,-123.11616919934752,158.0,Private room,5.0
Private bdrm on ground floor of Vancouver house,https://www.airbnb.com/rooms/706811708045741365,,49.21007811319215,-123.06124083020865,179.0,Private room,4.0
Private bedroom in spacious home,https://www.airbnb.com/rooms/706946728302748089,"Vancouver, British Columbia, Canada",49.22092069055039,-123.10041378525204,113.0,Private room,
Master bedroom with private bathroom,https://www.airbnb.com/rooms/706947562038547748,"Vancouver, British Columbia, Canada",49.22150683236189,-123.10119046317334,189.0,Private room,5.0
Cozy 1-bedroom in spacious house,https://www.airbnb.com/rooms/706968485848965837,,49.21923285149288,-123.10194341729994,109.0,Private room,5.0
1-bedroom in Main St,https://www.airbnb.com/rooms/706971892393689529,,49.22094979011044,-123.10090737512746,109.0,Private room,
Master bedroom with en suite bathroom,https://www.airbnb.com/rooms/708104596237345222,,49.24058837980896,-123.0092670215658,110.0,Private room,5.0
Private bed/bath with 2nd floor patio in Van house,https://www.airbnb.com/rooms/709626476157063484,,49.208643599943535,-123.06312129436,159.0,Private room,
Large Group Luxury BR Close to Airport&DT,https://www.airbnb.com/rooms/710245718280397821,,49.2097407,-123.1453799,105.0,Private room,
Private bed/bath with small patio in Van house,https://www.airbnb.com/rooms/710774393941207598,,49.20823666043821,-123.06131071619554,159.0,Private room,
Master Bedroom with Private Bathroom in Yaletown,https://www.airbnb.com/rooms/711908882319965486,,49.27695569331511,-123.12491305774608,174.0,Private room,
